id,name,email,uid,provider
1,Fidel Koelpin,fidel_koelpin@example.net,15210755,github
2,Ilene Blanda,blanda.ilene@example.org,49221279,github
3,Malcom Bode,bode_malcom@example.net,58028808,github
4,Teena Lindgren,lindgren.teena@example.net,95525526,github
5,James Collins,james_collins@example.com,37244873,github
6,Logan Dach,logan.dach@example.net,84740163,github
7,Rheba Dare,rheba_dare@example.org,45359636,github
8,Marion Reichel,reichel_marion@example.org,40634171,github
9,Clora Kuhlman,kuhlman_clora@example.org,20714334,github
10,Gerardo Spinka,gerardo.spinka@example.org,65033214,github
11,Leslie Hermann,leslie_hermann@example.com,13109954,github
12,Garret Rutherford,garret.rutherford@example.com,14606037,github
13,Virgilio Stoltenberg,stoltenberg_virgilio@example.net,53722086,github
14,Deon Kuvalis,deon.kuvalis@example.com,28539758,github
15,Rene Goyette,goyette_rene@example.org,43400506,github
16,Ludivina Gerhold,gerhold_ludivina@example.net,78813156,github
17,Clayton Schoen,schoen.clayton@example.net,14338507,github
18,Kathyrn Koch,koch.kathyrn@example.org,19255516,github
19,Cameron Cole,cole_cameron@example.com,45743496,github
20,Ninfa McLaughlin,mclaughlin_ninfa@example.org,60829995,github
21,Noelia Abbott,noelia_abbott@example.com,12376810,github
22,Numbers Walsh,numbers_walsh@example.com,88080595,github
23,Stepanie Roberts,roberts_stepanie@example.org,34767841,github
24,Edra Terry,terry.edra@example.org,69482793,github
25,Connie Adams,connie_adams@example.net,20623134,github
26,Cristine Klein,klein.cristine@example.com,49453379,github
27,Gale McLaughlin,gale_mclaughlin@example.com,13816963,github
28,Ma Watsica,ma_watsica@example.com,32665220,github
29,Melania Douglas,douglas_melania@example.org,16484355,github
30,Odis Grimes,odis_grimes@example.com,23627539,github
31,Agueda Terry,terry_agueda@example.net,26103611,github
32,Major Mraz,major.mraz@example.com,95777641,github
33,Robert Stokes,stokes_robert@example.net,78521101,github
34,Vernia Stracke,stracke.vernia@example.com,30557626,github
35,Katerine Grant,katerine_grant@example.org,79137977,github
