id,status,name,address,cc_num,exp_date,zip,cvv,email
1,pending,,,,,,,
2,pending,,,,,,,
3,complete,Sherman Wadd Evver,"Apt. 713 907 Kyoko Camp, Heathcotemouth, NV 95125-2506",6771-8994-0129-9424,022022,89356-1421,454,michael_dickens@yahoo.com
4,paid,Aaron Thetires,"Suite 568 587 Smith Grove, East Zachary, WY 65288",4202-3337-1766-4240,012024,59166-1219,856,herschel@yahoo.com
5,paid,Nida Lyte,"26359 Lowe Course, Christiansenburgh, AK 71476-9805",3721-807251-48902,092022,79152-7639,455,edda@hotmail.com
6,cancelled,Ima Klotz,"67511 Monahan Bypass, East Omegashire, MS 58263-7901",5019-9512-9099-4286,012019,34361-0120,923,gil@yahoo.com
7,complete,Robin Meeblind,"Apt. 216 3633 Walker Loaf, Lockmanshire, WA 03197",6007-2272-2803-5431,012022,82208-8672,449,ellena.gutkowski@hotmail.com
8,pending,,,,,,,
9,pending,,,,,,,
10,complete,Rusty Carr,"Apt. 437 1263 Arianne Walks, Medhurstview, WV 38918",6467-6242-8953-2863-4028,092021,88464,521,lela.braun@gmail.com
11,paid,Ima B. Leever,"51425 Merideth Lakes, West Charlesview, SC 32293-9396",5774348484605077421,062021,49927-2993,839,ardelia@yahoo.com
12,paid,Zoe Mudgett Hertz,"Apt. 570 76590 Bosco Passage, South Theda, MS 55204-6576",6767-7026-0522-8543-76,062020,50665,344,loris@gmail.com
13,pending,,,,,,,
14,complete,Dustin D. Furniture,"Apt. 800 1903 Gusikowski Point, North Farahmouth, IL 99344-7092",577267608135333792,042023,32595-6973,144,oliva.dach@hotmail.com
15,pending,,,,,,,
16,paid,Willie Maykit,"44359 Frami Row, New Cherry, NE 15172-8572",3528-3952-8152-1808,102023,77101-1809,808,kaci@hotmail.com
17,paid,Sue Render,"856 Dooley Junctions, McKenzieburgh, WI 80210",56716268028234,062021,97781-6957,596,zella_swift@gmail.com
18,paid,Mort Tallity,"276 Pansy Ferry, Port Yetta, CT 63528-3953",5754015375496010,052019,26415-6217,941,mack@hotmail.com
19,complete,Sue Yu,"Suite 732 7672 Larkin Path, East Sherika, NE 80742-0778",6771996790374238,042020,76027,123,tory@hotmail.com
20,paid,Robin Money,"Apt. 185 779 Lesha Shore, East Isidrotown, NV 87316-9087",4890-1630-3972-9000,102019,97866,373,alva@hotmail.com
